plaza,ubicacion,nombre
Forum Culiacán,,ADIDAS
Forum Culiacán,,ADOLFO DOMÍNGUEZ
Forum Culiacán,,AERIE
Forum Culiacán,,ALDO CONTI
Forum Culiacán,,AMERICAN EAGLE OUTFITTERS
Forum Culiacán,,AT&T
Forum Culiacán,,BAMBOO EXPRESS
Forum Culiacán,,BANZAI SUSHI
Forum Culiacán,,BBVA
Forum Culiacán,,BEAU
Forum Culiacán,,BEISSHOP
Forum Culiacán,,BEN & FRANK
Forum Culiacán,,BERSHKA
Forum Culiacán,,BIZZARRO
Forum Culiacán,,BOBOIS
Forum Culiacán,,BOSS
Forum Culiacán,,BURGER KING
Forum Culiacán,,C&A
Forum Culiacán,,CALVIN KLEIN
Forum Culiacán,,CALZEDONIA
Forum Culiacán,,CALZZAPATO
Forum Culiacán,,CARTER´S
Forum Culiacán,,CHARLY
Forum Culiacán,,CHICAS COSMETICS
Forum Culiacán,,CINEMEX
Forum Culiacán,,CLOE
Forum Culiacán,,CODERE
Forum Culiacán,,COPPEL
Forum Culiacán,,CUADRA
Forum Culiacán,,CUIDADO CON EL PERRO
Forum Culiacán,,DEVLYN
Forum Culiacán,,DP STREET
Forum Culiacán,,DPORTENIS
Forum Culiacán,,DUO
Forum Culiacán,,ETAM
Forum Culiacán,,EUROPIEL
Forum Culiacán,,EXOTICA
Forum Culiacán,,FIESTA INN
Forum Culiacán,,FLEXI
Forum Culiacán,,FRESH SALADS
Forum Culiacán,,FULL HOUSE
Forum Culiacán,,GAME PLANET
Forum Culiacán,,GNC
Forum Culiacán,,GORDITAS DOÑA TOTA
Forum Culiacán,,GUESS
Forum Culiacán,,H&M
Forum Culiacán,,HÄAGEN DAZS
Forum Culiacán,,HELADOS DOLPHY
Forum Culiacán,,HO MAY
Forum Culiacán,,HOTEL ONE
Forum Culiacán,,HUGO
Forum Culiacán,,INNOVASPORT
Forum Culiacán,,INNVICTUS
Forum Culiacán,,INTIMISSIMI
Forum Culiacán,,JESHI RAMEN & BOBA TEA
Forum Culiacán,,JOYERÍA CUQUI RAMOS
Forum Culiacán,,JOYERIA LUNAS
Forum Culiacán,,KARL LAGERFELD
Forum Culiacán,,KENNETH COLE
Forum Culiacán,,LA CASA DE LAS CARCASAS
Forum Culiacán,,LA ESMERALDA
Forum Culiacán,,LA SALSA
Forum Culiacán,,LACOSTE
Forum Culiacán,,LIDS
Forum Culiacán,,LIVERPOOL
Forum Culiacán,,LUUNA
Forum Culiacán,,MACSTORE
Forum Culiacán,,MADA
Forum Culiacán,,MALAYERBA
Forum Culiacán,,MARIO RAMOS
Forum Culiacán,,MIGUEL RAMOS
Forum Culiacán,,MINISO
Forum Culiacán,,NEW ERA
Forum Culiacán,,NUTRISA
Forum Culiacán,,ÓPTICAS LUX
Forum Culiacán,,OYSHO
Forum Culiacán,,PANDORA
Forum Culiacán,,PAPIZZAS LAS DE LEÑA
Forum Culiacán,,PAVI ITALY
Forum Culiacán,,PETCO
Forum Culiacán,,PICCADILLY
Forum Culiacán,,PIZZETA
Forum Culiacán,,PLAY TIME
Forum Culiacán,,PSYCHO BUNNY
Forum Culiacán,,PULL & BEAR
Forum Culiacán,,QING DAO
Forum Culiacán,,SALLY BEAUTY
Forum Culiacán,,SAMSUNG
Forum Culiacán,,SANBORNS
Forum Culiacán,,SEARS
Forum Culiacán,,SEPHORA
Forum Culiacán,,SHASA
Forum Culiacán,,SIRIA
Forum Culiacán,,SKECHERS
Forum Culiacán,,SMART BAMBOO
Forum Culiacán,,SMART FIT
Forum Culiacán,,STARBUCKS
Forum Culiacán,,STEREN SHOP
Forum Culiacán,,STRADIVARIUS
Forum Culiacán,,SUNGLASS HUT
Forum Culiacán,,TAF KID´S
Forum Culiacán,,TELCEL
Forum Culiacán,,THE ATHLETE´S FOOT
Forum Culiacán,,THE ITALIAN COFFEE COMPANY
Forum Culiacán,,TODOMODA
Forum Culiacán,,TOMMY FILHIGER
Forum Culiacán,,TOUS
Forum Culiacán,,VANESSA
Forum Culiacán,,VICTORIA´S SECRET
Forum Culiacán,,VINE VERA
Forum Culiacán,,ZARA
Forum Culiacán,,ZOLAR
Ceiba Culiacán,,Chata
Ceiba Culiacán,,Dolphy
Ceiba Culiacán,,Heidi Hach
Ceiba Culiacán,,La Chisme
Ceiba Culiacán,,Nutrisa
Ceiba Culiacán,,Pizzeta
Ceiba Culiacán,,Starbucks
Ceiba Culiacán,,Tama Chips
Ceiba Culiacán,,Thrifty
Ceiba Culiacán,,Adidas Originals
Ceiba Culiacán,,Aerie
Ceiba Culiacán,,Altura Siete
Ceiba Culiacán,,American Eagle
Ceiba Culiacán,,Bershka
Ceiba Culiacán,,Bimba y Lola
Ceiba Culiacán,,Bostecitos
Ceiba Culiacán,,C&A
Ceiba Culiacán,,Crocs
Ceiba Culiacán,,Dportenis
Ceiba Culiacán,,Dpstreet
Ceiba Culiacán,,Faja Rocio
Ceiba Culiacán,,H&M
Ceiba Culiacán,,Infantiles Jazmin
Ceiba Culiacán,,Levi's
Ceiba Culiacán,,Oysho
Ceiba Culiacán,,Picadilly
Ceiba Culiacán,,Pull&Bear
Ceiba Culiacán,,Punta y Tacon
Ceiba Culiacán,,Stradivarius
Ceiba Culiacán,,Studio F
Ceiba Culiacán,,Susen
Ceiba Culiacán,,Tomateros Beishop
Ceiba Culiacán,,Women Secrets
Ceiba Culiacán,,Zara
Ceiba Culiacán,,Mada
Ceiba Culiacán,,Mango
Ceiba Culiacán,,Massimo Dutti
Ceiba Culiacán,,Miniso
Ceiba Culiacán,,Cinépolis
Ceiba Culiacán,,Enigma Rooms
Ceiba Culiacán,,Lego
Ceiba Culiacán,,Librerías Gonvill
Ceiba Culiacán,,Wokivia
Ceiba Culiacán,,Mario Ramos
Ceiba Culiacán,,Lovisa
Ceiba Culiacán,,Pandora
Ceiba Culiacán,,Joyerías Luna
Ceiba Culiacán,,Sunglass Hut
Ceiba Culiacán,,Yuyu
Ceiba Culiacán,,El Especialista
Ceiba Culiacán,,Barber House
Ceiba Culiacán,,GOC
Ceiba Culiacán,,MAC Cosmetics
Ceiba Culiacán,,Sally Beauty
Ceiba Culiacán,,Smartfit
Ceiba Culiacán,,Vimar Laser
Ceiba Culiacán,,Cimaco
Ceiba Culiacán,,Coppel
Ceiba Culiacán,,Buena Compañía
Ceiba Culiacán,,Buquibichi
Ceiba Culiacán,,Carmela
Ceiba Culiacán,,Gourmet Cimaco
Ceiba Culiacán,,Gong Cha
Ceiba Culiacán,,Hella! Burguers
Ceiba Culiacán,,Humaya
Ceiba Culiacán,,Kippu Ramen
Ceiba Culiacán,,Lorenza
Ceiba Culiacán,,Palominos
Ceiba Culiacán,,Salsa Madre
Ceiba Culiacán,,San Francisquito
Ceiba Culiacán,,Manifiesto Pizza
Ceiba Culiacán,,MAC Store
Ceiba Culiacán,,Celular City
Ceiba Culiacán,,Luuna
Ceiba Culiacán,,Fresh Market
Plaza Sendero Culiacán,,CINEPOLIS
Plaza Sendero Culiacán,,COPPEL
Plaza Sendero Culiacán,,WOOLWORTH
Plaza Sendero Culiacán,,ULTRA GYM
Plaza Sendero Culiacán,,Súper Naturista
Plaza Sendero Culiacán,,OPTIMA
Plaza Sendero Culiacán,,BEYA ACCESORIOS
Plaza Sendero Culiacán,,SALLY BEATY
Plaza Sendero Culiacán,,VERTICHE
Plaza Sendero Culiacán,,PROMODA
Plaza Sendero Culiacán,,STEREN
Plaza Sendero Culiacán,,BBVA
Plaza Sendero Culiacán,,VIAMIGO
Plaza Sendero Culiacán,,WINGTOP
Plaza Sendero Culiacán,,KELDER
Plaza Sendero Culiacán,,MCDONALDS
Plaza Sendero Culiacán,,MUEBLERIA VALDEZ BALUARTE
Plaza Sendero Culiacán,,MUEBLES VILLAREAL
Plaza Sendero Culiacán,,BURGUER KING
Plaza Sendero Culiacán,,PIZZETA
Plaza Sendero Culiacán,,3 HERMANOS
Plaza Sendero Culiacán,,BEAU
Plaza Sendero Culiacán,,TODO MODA
Plaza Sendero Culiacán,,EVERS BOUTIQUE
Plaza Sendero Culiacán,,CONTEMPO
Plaza Sendero Culiacán,,MASHKA
Plaza Sendero Culiacán,,OXUM
Plaza Sendero Culiacán,,VANESSA BOUTIQUE
Plaza Sendero Culiacán,,MERCADO DE IMPORTACIONES
Plaza Sendero Culiacán,,TOMATEROS BEISHOP
Plaza Sendero Culiacán,,CONCEPTOS MODERNOS
Plaza Sendero Culiacán,,COLCHAS CONCORD
Plaza Sendero Culiacán,,MR. CACHUCHAS
Plaza Sendero Culiacán,,GRUPO AUTOFIN MONTERREY
Plaza Sendero Culiacán,,SUIZA XTREME
Plaza Sendero Culiacán,,WA WA SO
Plaza Sendero Culiacán,,FLOSSY SALON Y SHOP
Plaza Sendero Culiacán,,TIJERA DORADA
Plaza Sendero Culiacán,,ZEN BOBA
Plaza Sendero Culiacán,,JOYERIA TROQUEL
Plaza Sendero Culiacán,,JOYERIAS LUNA
Plaza Sendero Culiacán,,VER DE VERDAD
Plaza Sendero Culiacán,,PAPELRIAS TONY
Plaza Sendero Culiacán,,FRAICHE
Plaza Sendero Culiacán,,WOK EXPRESS
Plaza Sendero Culiacán,,SUBLIM CLINICA DE BELLEZA
Plaza Sendero Culiacán,,TODO PARA TUS PIES
Plaza Sendero Culiacán,,AT&T
Plaza Sendero Culiacán,,STUDIO MIX
Plaza Sendero Culiacán,,GOLD JOYAS RELOJEROS
Plaza Sendero Culiacán,,FRESHSALADS
Plaza Sendero Culiacán,,POLANCOS
Plaza Sendero Culiacán,,SOHRELIA
Plaza Sendero Culiacán,,SUBWAY
Plaza Sendero Culiacán,,MR. BARBAR
Plaza Sendero Culiacán,,LUCKY BOUTIQUE
Mítikah,,Abercrombie & Fitch
Mítikah,,Abercrombie kids
Mítikah,,Acium
Mítikah,,ADIDAS
Mítikah,,AIX
Mítikah,,ALDOS GELATO
Mítikah,,ALL SAINTS
Mítikah,,Alo
Mítikah,,AMERICAN EAGLE
Mítikah,,Amorino
Mítikah,,AT&T
Mítikah,,AY GÜEY
Mítikah,,BANANA REPUBLIC
Mítikah,,BANEIN
Mítikah,,BANORTE
Mítikah,,BATH & BODY WORKS
Mítikah,,BBVA
Mítikah,,BEN & FRANK
Mítikah,,BERGER
Mítikah,,BIRKENSTOCK
Mítikah,,BIZZARRO
Mítikah,,BOSS
Mítikah,,BURGER KING
Mítikah,,CALVIN KLEIN
Mítikah,,Campomar
Mítikah,,CARTERS
Mítikah,,Cassava Roots
Mítikah,,CELESTOLITE
Mítikah,,CHANG HING
Mítikah,,Chilim Balam
Mítikah,,CHILIS
Mítikah,,CIELITO QUERIDO CAFÉ
Mítikah,,CINÉPOLIS
Mítikah,,CIRCLE K
Mítikah,,CITIBANAMEX
Mítikah,,Cole Haan
Mítikah,,Columbia
Mítikah,,CONVERSE
Mítikah,,CREPES & WAFFLES
Mítikah,,CUADRA
Mítikah,,CUIDADO CON EL PERRO
Mítikah,,Dairy Queen
Mítikah,,DEVLYN
Mítikah,,DICASSPORT
Mítikah,,DIESEL
Mítikah,,Dione
Mítikah,,DJI
Mítikah,,DOMINOS
Mítikah,,DUNKIN DONUTS
Mítikah,,EA7
Mítikah,,EL CALIFA
Mítikah,,El palacio de hierro
Mítikah,,Emporio Armani
Mítikah,,Esáin
Mítikah,,FISHERS HOUSE
Mítikah,,FLEXI
Mítikah,,FOGO DE CHAO
Mítikah,,Forst
Mítikah,,Fougasse
Mítikah,,GARABATOS
Mítikah,,GNC
Mítikah,,GREENGRASS
Mítikah,,Grupo Xcaret
Mítikah,,GUESS
Mítikah,,Gyu Kaku
Mítikah,,H&M
Mítikah,,Häagen-Dazs
Mítikah,,HAUT BOUTIQUE
Mítikah,,HOLLISTER
Mítikah,,HOTARU
Mítikah,,INNOVA SPORT
Mítikah,,INNVICTUS
Mítikah,,ISHOP
Mítikah,,Itálico Trattoria
Mítikah,,IZAKAYA SUSHI & RAMEN
Mítikah,,Izlah
Mítikah,,Izzi
Mítikah,,Joe & The Juice
Mítikah,,JUGUETIBICI
Mítikah,,JUGUETRON
Mítikah,,JULIO
Mítikah,,KIEHL´S
Mítikah,,L'OCCITANE
Mítikah,,La Crepe Parisienne
Mítikah,,Lacoste
Mítikah,,LE PAIN QUOTIDIEN
Mítikah,,LEGO
Mítikah,,LIDS
Mítikah,,Lieb Tobacco
Mítikah,,LIVERPOOL
Mítikah,,LOS CANARIOS
Mítikah,,Ludlow
Mítikah,,LULULEMON
Mítikah,,MAS VISION
Mítikah,,MINISO
Mítikah,,Mobicen
Mítikah,,MOBO
Mítikah,,MOCHOMOS
Mítikah,,MONTBLAC
Mítikah,,MOSHI MOSHI
Mítikah,,Moyo
Mítikah,,Natura
Mítikah,,NEBLUS
Mítikah,,NEGRONI
Mítikah,,NESPRESSO
Mítikah,,NEW ERA
Mítikah,,NIKE
Mítikah,,NISSAN
Mítikah,,NUTRISA
Mítikah,,Oak Berry
Mítikah,,Olie
Mítikah,,Opticas Lux
Mítikah,,ORO GOLD
Mítikah,,PANDORA
Mítikah,,Park N Wash
Mítikah,,PETLAND
Mítikah,,PF CHANGS
Mítikah,,Piccolo Ludo
Mítikah,,PIKOLINOS
Mítikah,,PRADA
Mítikah,,Prédiré
Mítikah,,PSYCHO BUNNY
Mítikah,,PUERTO MADERO
Mítikah,,PUMA
Mítikah,,RECORCHOLIS
Mítikah,,Reebok
Mítikah,,SALLY BEAUTY
Mítikah,,SALOMON
Mítikah,,SANTANDER
Mítikah,,SEPHORA
Mítikah,,SFERA
Mítikah,,SHAKE SHACK
Mítikah,,SHASA
Mítikah,,SKECHERS
Mítikah,,STARBUCKS N4
Mítikah,,STARBUCKS PB
Mítikah,,STEVE MADDEN
Mítikah,,Studio F
Mítikah,,SUBWAY
Mítikah,,Sunglass Island
Mítikah,,SUSHI ROLL
Mítikah,,TAF
Mítikah,,TANYA MOSS
Mítikah,,THE CHEESECAKE FACTORY
Mítikah,,The Hat Club
Mítikah,,The North Face
Mítikah,,TIMBERLAND
Mítikah,,TOMMY HILFIGER
Mítikah,,Total Play
Mítikah,,TOUS
Mítikah,,Vans
Mítikah,,VICENTE ASADOR
Mítikah,,VICTORIA´S SECRET
Mítikah,,WATCH 2 GO
Mítikah,,WINGSTOP
Mítikah,,XIAOMI
Mítikah,,Zingara
Antara Fashion Hall,Planta Baja,Tienda 1
Antara Fashion Hall,Primer Nivel,Tienda 2
Antara Fashion Hall,Segundo Nivel,Tienda 3
Antara Fashion Hall,Planta Baja,Tienda 4
Antara Fashion Hall,Primer Nivel,Tienda 5
Antara Fashion Hall,Planta Baja,Tienda 6
Antara Fashion Hall,Planta Baja,Tienda 7
Antara Fashion Hall,Primer Nivel,Tienda 8
Antara Fashion Hall,Primer Nivel,Tienda 9
Antara Fashion Hall,Planta Baja y Primer Nivel,Tienda 10
Antara Fashion Hall,Primer Nivel,Tienda 11
Antara Fashion Hall,Primer Nivel,Tienda 12
Antara Fashion Hall,Planta Baja,Tienda 13
Antara Fashion Hall,Primer Nivel,Tienda 14
Antara Fashion Hall,Planta Baja,Tienda 15
Antara Fashion Hall,Planta Baja,Tienda 16
Antara Fashion Hall,Planta Baja,Tienda 17
Antara Fashion Hall,Segundo Nivel,Tienda 18
Antara Fashion Hall,Primer Nivel,Tienda 19
Antara Fashion Hall,Segundo Nivel,Tienda 20
Antara Fashion Hall,Planta Baja,Tienda 21
Antara Fashion Hall,Planta Baja,Tienda 22
Antara Fashion Hall,Primer Nivel,Tienda 23
Antara Fashion Hall,Planta Baja,Tienda 24
Antara Fashion Hall,Planta Baja,Tienda 25
Antara Fashion Hall,Segundo Nivel,Tienda 26
Antara Fashion Hall,Primer Nivel,Tienda 27
Antara Fashion Hall,Primer Nivel,Tienda 28
Antara Fashion Hall,Segundo Nivel,Tienda 29
Antara Fashion Hall,Planta Baja,Tienda 30
Antara Fashion Hall,Planta Baja,Tienda 31
Antara Fashion Hall,Planta Baja,Tienda 32
Antara Fashion Hall,Planta Baja,Tienda 33
Antara Fashion Hall,Planta Baja y Primer Nivel,Tienda 34
Antara Fashion Hall,Planta Baja,Tienda 35
Antara Fashion Hall,Planta Baja,Tienda 36
Antara Fashion Hall,Planta Baja,Tienda 37
Antara Fashion Hall,Planta Baja y Primer Nivel,Tienda 38
Antara Fashion Hall,Primer Nivel,Tienda 39
Antara Fashion Hall,Planta Baja,Tienda 40
Antara Fashion Hall,Planta Baja,Tienda 41
Antara Fashion Hall,Primer Nivel,Tienda 42
Antara Fashion Hall,Segundo Nivel,Tienda 43
Antara Fashion Hall,Primer Nivel,Tienda 44
Antara Fashion Hall,Planta Baja y Sótano 1,Tienda 45
Antara Fashion Hall,Primer Nivel,Tienda 46
Antara Fashion Hall,Planta Baja,Tienda 47
Antara Fashion Hall,Planta Baja,Tienda 48
Antara Fashion Hall,Planta Baja y Primer Nivel,Tienda 49
Antara Fashion Hall,Planta Baja y Primer Nivel,Tienda 50
Pabellón Polanco,,Fundación Carlos Slim
Pabellón Polanco,,Héroes por la Vida
Pabellón Polanco,,Cliki Salud
Pabellón Polanco,,Inmuebles Carso
